[
    {

        "title": "Food And Cloth Distribution",
        "description": "Bringing Warmth and Hope to Afghan Orphans and Displaced Families",
        "image": "img/icon -6.webp",
        "category": "Food And Cloth Distribution",
        "link": "women.html"
    },
    {
        "title": "UN Women Afghanistan",
        "description": "Empowering women through organizational capacity building and strengthened community engagement.",
        "image": "img/UN_Women.jpg",
        "category": "Women Empowerment",
        "link": "unwomenproject.html"
    }
]
